MasterID,Date,Age,Sex,SVL_1stMeasurement
1,11/4/2010,A,F,55.75
2,11/4/2010,A,F,55.95
3,11/4/2010,A,M,63.7
4,11/4/2010,Y,U,43.95
5,11/4/2010,A,M,55.88
6,11/4/2010,Y,U,35.75
7,11/4/2010,A,F,64.26
8,11/4/2010,A,M,65.66
9,11/4/2010,A,F,64.05
10,11/4/2010,A,F,61.98
11,11/4/2010,A,F,62.58
12,11/4/2010,A,F,62.5
13,11/4/2010,A,F,59.16
14,11/4/2010,A,M,62.42
15,11/4/2010,Y,M,42.8
16,11/4/2010,Y,M,35.76
17,11/4/2010,Y,M,49.31
18,11/4/2010,U,M,44.37
19,11/4/2010,A,F,60.96
20,11/4/2010,A,F,59
21,11/4/2010,A,M,59.5
22,11/4/2010,A,M,54.15
23,11/4/2010,A,M,52.2
24,11/4/2010,A,M,52.48
25,11/4/2010,Y,M,44.2
26,11/4/2010,A,M,54.2
27,11/4/2010,A,F,59.3
28,11/4/2010,A,F,64.2
29,11/4/2010,A,F,60.5
30,11/4/2010,A,U,56.12
31,11/4/2010,A,M,54.9
32,11/4/2010,Y,M,46
33,11/4/2010,A,F,54.06
34,11/4/2010,A,F,56.02
35,11/4/2010,A,F,67.75
36,11/4/2010,A,F,57
37,11/4/2010,Y,U,45.8
38,11/4/2010,Y,M,41.8
39,11/4/2010,Y,U,38.9
40,11/4/2010,A,F,61.9
41,11/4/2010,A,F,63.8
42,11/4/2010,Y,M,42.5
43,11/4/2010,A,F,60.5
44,11/4/2010,A,M,42.5
45,11/4/2010,Y,U,41.9
46,11/4/2010,Y,U,47.6
47,11/4/2010,A,F,61.5
48,11/4/2010,A,F,67.4
49,11/4/2010,Y,M,41.9
50,11/4/2010,Y,M,41.3
51,11/4/2010,Y,M,43.2
52,11/4/2010,A,F,57.4
53,11/4/2010,A,F,61.6
54,11/4/2010,A,M,54.4
55,11/4/2010,Y,M,45.5
56,11/4/2010,A,M,55.6
57,11/4/2010,A,F,58.5
58,11/4/2010,A,F,56.9
59,11/4/2010,Y,M,40.8
60,11/4/2010,A,M,58.6
61,11/4/2010,A,M,46.1
62,11/4/2010,A,F,56.1
63,11/4/2010,A,M,58.2
64,11/4/2010,Y,M,39.5
65,11/5/2010,A,F,61.69
28,11/5/2010,A,F,58.51
66,11/15/2010,A,F,57.72
58,11/15/2010,A,F,57.22
28,11/15/2010,A,F,65.1
18,11/15/2010,U,M,40.91
67,11/15/2010,A,F,63.86
68,11/15/2010,A,F,59.26
65,11/15/2010,A,F,60.64
69,11/15/2010,A,U,56
29,11/16/2010,A,F,65.75
70,11/16/2010,Y,U,31.64
2,11/16/2010,A,F,52.46
71,11/16/2010,A,M,40.82
72,11/30/2010,A,M,48.2
73,11/29/2010,Y,U,43.02
74,11/29/2010,A,M,55.88
75,11/29/2010,A,F,61.15
76,11/29/2010,Y,U,34.1
77,11/29/2010,A,F,54.5
78,11/29/2010,A,M,58.2
79,11/29/2010,Y,U,48.2
80,11/29/2010,A,U,47.5
81,11/29/2010,Y,U,43
16,11/30/2010,Y,U,45
82,11/30/2010,A,M,66.5
83,11/30/2010,A,M,66.2
84,11/30/2010,A,M,62
85,11/30/2010,A,F,61.9
86,11/30/2010,A,F,62.8
87,11/30/2010,A,M,61
52,11/30/2010,A,F,57.7
88,11/30/2010,A,F,57
69,11/30/2010,A,U,55.6
89,11/30/2010,A,M,57.3
90,11/30/2010,A,M,60.7
91,11/30/2010,A,M,59.1
92,11/30/2010,A,M,57.2
93,11/30/2010,A,M,58.5
78,12/1/2010,A,M,56.1
94,12/1/2010,A,M,60.3
95,12/1/2010,A,M,65.5
96,12/1/2010,Y,U,41.7
97,12/1/2010,A,F,66.9
41,12/17/2010,A,F,62
98,12/17/2010,A,F,59.02
99,12/17/2010,Y,U,40.5
100,12/17/2010,Y,U,40.72
101,12/17/2010,Y,U,47.25
102,12/17/2010,A,M,64.3
103,12/18/2010,A,M,52.15
104,12/18/2010,A,F,57.85
105,12/18/2010,A,F,69.5
106,12/18/2010,A,M,64.5
107,12/18/2010,A,F,60
68,12/31/2010,A,F,60
108,12/31/2010,A,U,57.2
109,12/31/2010,A,M,49.18
110,12/31/2010,Y,U,45
111,12/31/2010,Y,U,34.4
5,12/31/2010,A,M,55.4
112,12/31/2010,Y,U,44.9
113,12/31/2010,Y,M,47.4
114,12/31/2010,Y,U,55
115,12/31/2010,A,M,52.5
116,12/31/2010,Y,U,51.7
117,1/1/2011,Y,U,51
118,1/1/2011,Y,M,50.5
119,1/1/2011,A,M,47.7
102,1/1/2011,A,U,58.8
120,1/1/2011,A,F,49.2
12,1/1/2011,A,F,69.5
121,1/1/2011,A,F,58.9
122,1/1/2011,A,M,54.4
30,1/1/2011,A,U,57.7
123,1/1/2011,A,M,59
124,1/1/2011,A,M,61.2
125,1/1/2011,A,M,55.8
36,1/1/2011,A,F,61.9
126,1/1/2011,A,F,60.8
127,1/1/2011,A,F,60.7
128,1/1/2011,A,F,61
129,1/1/2011,A,M,53
130,1/1/2011,A,M,53.8
131,1/1/2011,A,F,58.9
132,1/1/2011,Y,U,48.9
133,1/1/2011,A,M,52.5
134,1/1/2011,A,F,60.4
135,1/1/2011,A,F,56.2
136,1/1/2011,A,M,55.6
137,1/1/2011,A,F,67.5
138,1/1/2011,A,M,65.7
139,1/1/2011,A,M,51.2
140,1/1/2011,A,M,51.2
141,1/1/2011,A,F,49.9
142,1/1/2011,A,F,57.3
143,1/1/2011,A,M,60.55
144,1/1/2011,A,F,59.3
145,1/1/2011,A,F,61
146,1/1/2011,A,F,52
147,1/1/2011,A,F,64.5
148,1/1/2011,A,M,54.2
149,1/1/2011,A,F,55.4
150,1/1/2011,Y,U,42
856,1/1/2011,A,M,54.5
151,1/1/2011,A,F,63.3
152,1/1/2011,A,F,59.6
133,1/1/2011,A,M,54.7
13,1/1/2011,A,F,64.6
10,1/1/2011,A,F,68.5
153,1/1/2011,A,F,58.3
154,1/2/2011,Y,U,50.1
155,1/2/2011,Y,U,55.7
144,1/2/2011,A,F,59.3
156,1/2/2011,A,M,56
145,1/2/2011,A,F,61
157,1/2/2011,A,U,59.4
146,1/2/2011,A,F,52
158,1/2/2011,A,F,69.5
159,1/2/2011,A,M,61
47,1/2/2011,A,F,65
160,1/2/2011,A,F,65
137,1/2/2011,A,F,67
161,1/2/2011,A,M,48.5
162,1/2/2011,Y,U,43
163,1/2/2011,U,U,46.5
8,1/2/2011,A,M,57
164,1/2/2011,Y,U,44
165,1/5/2011,A,F,65.5
166,1/5/2011,A,F,63
34,1/5/2011,A,F,68
167,1/5/2011,Y,U,48
168,1/5/2011,Y,U,51
169,1/5/2011,Y,U,42.8
170,1/5/2011,A,F,70.5
171,1/5/2011,A,M,64.5
172,1/5/2011,A,M,50
173,1/6/2011,Y,U,42
174,1/6/2011,A,M,61.7
175,1/6/2011,A,M,59.5
170,1/6/2011,A,F,70.5
176,1/6/2011,Y,U,47.5
175,1/6/2011,A,M,59.5
157,1/9/2011,A,U,67.5
177,1/19/2011,A,M,58.5
103,1/25/2011,A,M,62
178,1/25/2011,A,F,62
179,1/25/2011,A,U,62
180,1/25/2011,Y,U,49
181,1/31/2011,Y,M,49
182,1/31/2011,A,M,64
178,2/1/2011,A,F,68
183,2/1/2011,A,F,65
184,11/3/2011,A,M,64.2
93,11/3/2011,A,M,64
185,11/3/2011,A,M,51.7
186,11/3/2011,A,M,63.6
159,11/3/2011,A,M,60.9
172,11/3/2011,A,M,55.5
140,11/3/2011,A,M,58.3
177,11/4/2011,A,M,63.9
93,11/4/2011,A,M,62.9
187,11/9/2011,A,M,64.8
188,11/9/2011,A,M,50.1
189,11/9/2011,A,F,48.7
124,11/9/2011,A,M,63.8
190,11/9/2011,A,M,62
191,11/9/2011,A,M,64.5
192,11/9/2011,A,M,53.2
193,11/9/2011,A,M,55.6
20,11/9/2011,A,F,68.5
182,11/9/2011,A,M,62.4
194,11/9/2011,A,M,62.2
195,11/9/2011,A,M,53.7
196,11/9/2011,A,M,57.6
197,11/9/2011,A,M,54.7
198,11/9/2011,A,M,52.9
199,11/9/2011,A,M,49.9
118,11/9/2011,A,M,54.9
200,11/9/2011,A,M,57.6
201,11/9/2011,A,M,54.5
98,11/10/2011,A,F,66.1
202,11/10/2011,A,M,59.7
203,11/10/2011,A,M,64.9
204,11/10/2011,A,M,54.7
205,11/10/2011,A,M,63.5
206,11/10/2011,A,F,67.4
207,11/10/2011,A,M,53
208,11/10/2011,A,M,59.8
209,11/10/2011,A,M,53
210,11/10/2011,A,M,55.3
211,11/10/2011,A,F,63
143,11/10/2011,A,M,62
212,11/10/2011,A,M,56.2
213,11/10/2011,A,M,47.8
214,11/10/2011,Y,M,46.9
215,11/10/2011,A,M,56.6
216,11/10/2011,A,M,51.3
217,11/10/2011,A,M,54.9
218,11/10/2011,A,M,55.9
219,11/14/2011,A,M,58.2
220,11/15/2011,A,M,56.9
221,11/15/2011,A,F,55
222,11/15/2011,A,M,53.2
218,11/15/2011,A,M,53.2
196,11/15/2011,A,M,57.3
15,11/16/2011,A,M,56.4
223,11/16/2011,A,F,57.6
23,11/16/2011,A,M,57
191,11/16/2011,A,M,64.5
224,11/16/2011,A,F,67.1
225,11/16/2011,A,F,66.1
226,11/16/2011,A,F,64.7
227,11/16/2011,A,M,47.6
228,11/16/2011,A,M,62
220,11/16/2011,A,M,57.1
197,11/16/2011,A,M,53.3
198,11/16/2011,A,M,53.3
199,11/16/2011,A,M,50.9
118,11/16/2011,A,M,50.7
196,11/16/2011,A,M,55.5
224,11/17/2011,A,F,NA
229,11/21/2011,A,F,69.6
230,11/21/2011,A,F,65.6
105,11/22/2011,A,F,68.5
231,11/22/2011,A,M,52.4
156,11/23/2011,A,M,58.2
232,11/23/2011,A,M,53.1
202,11/23/2011,A,M,56.5
53,11/23/2011,A,F,72.9
131,11/23/2011,A,F,64.8
91,11/23/2011,A,M,66.8
233,11/23/2011,A,F,52.1
217,11/23/2011,A,M,52.7
234,11/23/2011,A,F,54.2
235,11/23/2011,A,M,51.4
196,11/23/2011,A,M,55.5
77,11/27/2011,A,F,65
13,11/27/2011,A,F,65.3
236,11/27/2011,A,F,55.6
237,11/27/2011,A,U,51.9
238,11/27/2011,A,M,52.6
122,11/27/2011,A,M,59
239,11/27/2011,A,M,59.8
75,11/27/2011,A,F,66.4
158,11/27/2011,A,F,60.5
240,11/27/2011,A,M,58.5
126,11/27/2011,A,F,64.8
241,11/27/2011,A,M,54.3
85,11/27/2011,A,F,68.8
242,11/27/2011,A,F,66.5
53,11/27/2011,A,F,66.1
243,11/27/2011,A,F,49
35,11/27/2011,A,F,63
167,11/27/2011,A,M,50.8
67,11/27/2011,A,F,69.8
131,11/27/2011,A,F,65
244,11/27/2011,A,M,54.1
177,11/27/2011,A,M,61.1
245,11/27/2011,A,F,51.3
68,11/27/2011,A,F,64.6
16,11/27/2011,A,M,56.2
225,11/27/2011,A,F,58.8
246,11/27/2011,A,F,55
247,11/27/2011,A,F,50.2
248,11/27/2011,A,M,55.4
249,11/27/2011,A,F,54.7
250,11/27/2011,A,F,52.7
200,11/27/2011,A,M,54
251,11/27/2011,A,M,54.2
196,11/27/2011,A,M,56
177,11/28/2011,A,M,61.1
252,11/28/2011,A,F,65.4
253,11/28/2011,A,F,61.6
113,11/28/2011,A,M,50.5
254,11/28/2011,A,F,49.4
255,11/28/2011,A,F,70.1
243,12/5/2011,A,F,52.6
256,12/5/2011,A,M,50.2
257,12/5/2011,A,F,62.8
105,12/5/2011,A,F,66.5
90,12/6/2011,A,F,68.5
177,12/6/2011,A,M,56.1
75,12/6/2011,A,F,60.9
98,12/6/2011,A,F,61.7
258,12/6/2011,A,F,55.6
259,12/6/2011,A,F,57
260,12/7/2011,A,F,58.8
120,12/7/2011,A,F,53.3
200,12/15/2011,A,M,53.8
234,12/20/2011,A,F,55.6
261,12/20/2011,A,F,60.95
262,12/21/2011,A,F,58.1
263,12/21/2011,A,F,62.6
34,12/21/2011,A,F,61.7
264,12/21/2011,A,U,58
265,12/21/2011,A,U,52.8
266,12/21/2011,A,U,60.3
267,12/21/2011,A,F,63.4
250,12/21/2011,A,F,51.7
268,12/21/2011,A,F,58.2
269,12/21/2011,A,F,61.9
251,12/21/2011,A,M,50.16
260,12/21/2011,A,F,55.6
270,12/22/2011,A,F,51.3
271,12/22/2011,A,F,62
272,12/22/2011,A,F,63.8
273,12/22/2011,A,F,47.7
274,12/22/2011,A,F,54
275,12/23/2011,A,F,67
276,12/23/2011,A,F,65.8
87,12/26/2011,A,M,62.7
277,12/26/2011,A,M,60.18
278,12/26/2011,A,M,53.4
278,12/26/2011,A,F,51.3
279,12/27/2011,A,F,51.5
277,12/27/2011,A,M,60.18
280,12/27/2011,A,M,55.9
281,12/27/2011,A,F,55.3
235,12/27/2011,A,M,49.6
282,12/31/2011,A,F,56.4
283,1/10/2012,A,F,63
172,1/10/2012,A,M,52.5
284,1/10/2012,A,F,49.6
15,1/10/2012,A,M,54.9
285,1/10/2012,A,M,56.5
286,1/10/2012,A,M,51.7
287,1/11/2012,A,F,66.7
285,1/11/2012,A,M,51.5
288,1/21/2012,A,U,61
289,1/23/2012,A,F,57.6
122,1/24/2012,A,M,58.3
67,1/24/2012,A,F,65.6
126,1/24/2012,A,F,62
186,1/26/2012,A,M,61.5
290,1/27/2012,A,U,60.8
122,1/27/2012,A,M,56
285,1/27/2012,A,M,61.6
291,1/27/2012,A,U,46.7
291,2/1/2012,A,U,45.4
282,2/18/2012,A,F,56.2
191,2/19/2012,A,M,61.7
292,2/19/2012,A,F,58
293,2/19/2012,A,U,57.1
294,2/19/2012,A,U,60
118,2/19/2012,A,M,50.5
293,2/19/2012,A,U,53.7
292,2/27/2012,A,F,52.3
122,2/28/2012,A,U,58.1
295,2/28/2012,A,U,59.5
118,2/29/2012,A,M,54.3
295,2/29/2012,A,U,59.5
229,3/4/2012,A,U,69.9
226,3/3/2012,A,F,67.6
189,3/3/2012,A,F,61.2
146,3/3/2012,A,F,58.9
296,3/3/2012,A,U,66.9
294,3/2/2012,A,U,54.4
206,3/8/2012,A,F,59.6
297,3/8/2012,A,U,63.5
194,3/8/2012,A,M,60
244,3/9/2012,A,M,54.9
296,3/9/2012,A,U,60.3
298,3/12/2012,A,U,51.3
197,3/12/2012,A,M,49.3
197,3/11/2012,A,M,49.3
299,3/11/2012,A,U,55.3
288,3/11/2012,A,U,63
299,3/12/2012,A,U,55.3
300,3/11/2012,A,U,63.4
301,3/11/2012,A,U,68.9
52,3/12/2012,A,F,63.9
282,3/12/2012,A,F,54.4
302,3/12/2012,A,U,52.9
143,3/12/2012,A,U,64.3
68,3/12/2012,A,F,69.4
238,3/13/2012,A,U,55
297,3/17/2012,A,U,55.7
188,3/17/2012,A,M,54
303,3/18/2012,A,U,54.2
261,3/18/2012,A,F,61.6
259,3/18/2012,A,F,62.5
304,3/19/2012,A,U,53.3
294,3/20/2012,A,U,53.1
239,11/1/2012,A,M,56.8
166,11/2/2012,A,F,74.2
305,11/2/2012,A,M,56.9
306,11/3/2012,A,F,56
307,11/3/2012,A,F,56.1
308,11/3/2012,A,F,62
914,11/3/2012,A,F,62.9
309,11/3/2012,A,F,56.4
309,11/4/2012,A,F,56.4
145,11/4/2012,A,F,65.3
310,11/5/2012,A,F,63.4
107,11/6/2012,A,F,57.9
311,11/6/2012,A,F,50.06
311,11/12/2012,A,F,53.1
280,11/12/2012,A,M,58.4
120,11/12/2012,A,F,54
309,11/13/2012,A,F,50.15
312,11/13/2012,A,M,50.55
90,11/13/2012,A,M,70.1
313,11/13/2012,A,F,50.24
314,11/20/2012,A,M,54.9
177,11/27/2012,A,M,61.8
224,11/27/2012,A,F,62.9
310,11/27/2012,A,F,62.6
315,11/27/2012,A,F,59.1
307,11/27/2012,A,F,59
86,11/27/2012,A,F,69.8
308,11/27/2012,A,F,60
53,11/27/2012,A,F,69.9
316,11/28/2012,A,F,62.4
271,11/28/2012,A,F,56.8
87,11/28/2012,A,M,62.5
285,11/28/2012,A,M,54.6
313,11/30/2012,A,F,47.9
317,11/30/2012,A,F,57.1
259,11/30/2012,A,U,63.1
102,12/8/2012,A,F,55.1
248,12/8/2012,A,M,45.6
194,12/8/2012,A,M,56.7
47,12/8/2012,A,F,57.8
309,12/8/2012,A,F,51.4
186,12/8/2012,A,M,56.2
318,12/9/2012,A,M,56
267,12/9/2012,A,F,65.1
217,12/9/2012,A,M,48
220,12/9/2012,A,M,49.2
232,12/9/2012,A,M,52.1
319,12/9/2012,A,M,59.8
250,12/9/2012,A,F,50.5
320,12/9/2012,A,U,66.1
187,12/9/2012,A,F,52.6
320,12/10/2012,A,U,57.3
77,12/10/2012,A,F,69
321,12/10/2012,A,M,54.2
143,12/12/2012,A,M,58
188,12/16/2012,A,M,44.9
120,12/16/2012,A,F,54.4
242,12/16/2012,A,F,65.3
181,12/17/2012,A,M,57.6
285,12/17/2012,A,M,47.8
322,12/17/2012,A,F,50.3
213,12/17/2012,A,M,NA
914,12/17/2012,A,F,65.4
213,12/16/2012,A,M,45.2
323,12/17/2012,A,M,59.1
324,12/17/2012,A,U,53.7
285,12/17/2012,A,M,55.6
325,12/18/2012,A,M,60
235,12/25/2012,A,M,47.1
856,12/26/2012,A,M,59.2
206,12/26/2012,A,F,66.7
326,12/28/2012,A,F,51.3
327,1/1/2013,A,F,61.4
328,1/8/2013,A,U,55.7
329,1/9/2013,A,M,59.6
329,1/10/2013,A,M,50.7
331,1/11/2013,A,F,55.7
332,1/11/2013,A,M,55.4
172,1/11/2013,A,M,65.5
333,1/11/2013,A,M,62.1
331,1/12/2013,A,F,52.9
333,1/13/2013,A,M,56.5
334,1/15/2013,A,F,57.6
213,1/16/2013,A,M,54.2
335,1/16/2013,A,F,68.2
329,1/16/2013,A,M,57.5
336,2/11/2013,A,U,59.5
337,2/11/2013,A,M,50.6
336,2/11/2013,A,U,59.8
337,2/11/2013,A,M,47.5
338,2/25/2013,A,F,53.4
914,2/25/2013,A,F,54.8
38,2/25/2013,A,M,51.6
338,2/25/2013,A,F,60.2
87,2/25/2013,A,M,59.3
856,2/25/2013,A,M,61.3
219,2/25/2013,A,M,62.5
339,2/25/2013,A,F,66.4
340,2/25/2013,A,M,62.7
205,2/25/2013,A,M,64.4
158,2/25/2013,A,F,73.2
309,2/25/2013,A,F,63.4
220,2/25/2013,A,M,52.4
341,2/25/2013,A,M,63.8
324,2/25/2013,A,U,56
342,2/25/2013,A,M,66.6
60,2/26/2013,A,M,62.9
53,2/26/2013,A,F,77.4
187,2/26/2013,A,F,68.2
343,2/26/2013,A,F,69
325,2/26/2013,A,F,62.8
236,2/26/2013,A,F,68.8
37,2/26/2013,A,U,49.6
319,2/26/2013,A,M,62.5
344,2/26/2013,A,U,51.8
308,2/26/2013,A,F,60.1
345,2/26/2013,A,F,73.3
346,2/26/2013,A,F,64.6
257,2/26/2013,A,F,72.4
347,2/26/2013,A,U,59.3
323,2/26/2013,A,M,55.3
886,2/26/2013,A,M,61.2
166,2/26/2013,A,F,72.6
348,2/26/2013,A,M,66.5
40,2/26/2013,A,F,78.2
54,2/27/2013,A,M,70.2
77,2/28/2013,A,F,63.1
20,10/19/2013,A,F,76.4
259,10/22/2013,A,F,67.8
235,10/22/2013,A,M,58.3
40,10/22/2013,A,F,72.2
166,10/22/2013,A,F,73.3
914,10/22/2013,A,F,69.4
60,10/22/2013,A,M,62.6
267,10/23/2013,A,F,70.9
200,10/23/2013,A,M,61.7
188,10/23/2013,A,M,54.4
349,10/23/2013,A,F,73.2
236,10/23/2013,A,F,74.5
107,10/23/2013,A,F,65.8
317,10/23/2013,A,F,62.8
267,10/23/2013,A,F,72
350,10/23/2013,A,F,62.4
257,10/28/2013,A,F,68.9
307,10/28/2013,A,F,65.3
310,10/28/2013,A,F,66.4
346,10/29/2013,A,F,68.1
310,10/30/2013,A,F,70.7
145,10/30/2013,A,F,67.5
280,10/31/2013,A,M,57.2
326,10/31/2013,A,F,57.8
337,10/31/2013,A,M,55.2
267,11/1/2013,A,F,68.6
351,11/1/2013,A,F,52.4
313,11/1/2013,A,F,53.7
280,11/1/2013,A,M,62.2
352,11/1/2013,A,F,61.7
166,11/17/2013,A,F,62.4
317,11/18/2013,A,F,59.6
353,11/18/2013,A,F,61.9
337,11/18/2013,A,M,46.7
354,11/19/2013,A,F,60.6
314,11/21/2013,A,F,56.6
187,11/21/2013,A,F,61.6
318,11/22/2013,A,F,63.2
47,11/22/2013,A,F,68.3
355,11/22/2013,A,F,69.1
356,11/23/2013,A,F,57.6
145,11/23/2013,A,F,65.8
312,11/23/2013,A,M,59.1
181,11/23/2013,A,M,57.9
307,11/25/2013,A,F,61.2
334,11/26/2013,A,F,61.7
308,11/26/2013,A,F,61.9
188,11/26/2013,A,M,52
914,11/26/2013,A,F,63.9
256,11/26/2013,A,M,59.9
250,11/26/2013,A,F,59.5
187,11/26/2013,A,F,58.9
356,11/26/2013,A,F,61.9
107,11/26/2013,A,F,61.5
321,11/26/2013,A,M,64.6
345,11/26/2013,A,F,73.6
200,11/26/2013,A,M,62.5
310,11/26/2013,A,F,66.9
187,11/26/2013,A,F,61.9
40,11/27/2013,A,F,70.5
167,11/27/2013,A,M,53.9
219,11/27/2013,A,M,57.5
38,11/27/2013,A,M,53.5
357,11/27/2013,A,U,67.3
358,11/27/2013,A,M,62.4
348,11/27/2013,A,M,NA
213,11/27/2013,A,M,53
856,11/28/2013,A,M,52.6
172,11/29/2013,A,M,54.5
359,12/1/2013,A,U,66.5
267,12/2/2013,A,F,69.1
328,12/3/2013,A,U,58.6
360,12/4/2013,A,M,59.9
257,12/4/2013,A,F,66.9
361,12/4/2013,A,M,62.4
337,12/5/2013,A,M,54.2
288,12/5/2013,A,U,68.5
154,12/5/2013,A,U,65.9
328,12/5/2013,A,U,57.1
235,12/5/2013,A,M,51.2
248,12/5/2013,A,M,56
267,12/5/2013,A,F,65.6
339,12/5/2013,A,F,65.4
326,12/5/2013,A,F,64.5
337,12/10/2013,A,M,50.9
361,12/17/2013,A,M,55.2
348,12/21/2013,A,M,60.6
288,12/22/2013,A,U,64.4
219,12/22/2013,A,M,60
219,12/23/2013,A,M,63
213,12/28/2013,A,M,53
359,1/10/2014,A,U,66.2
219,1/13/2014,A,M,56.3
348,1/14/2014,A,M,67.9
348,1/27/2014,A,M,65.3
356,2/10/2014,A,F,57
356,2/12/2014,A,F,55.8
348,2/21/2014,A,M,65.2
355,2/24/2014,A,F,68.4
40,3/11/2014,A,F,72.1
187,4/4/2014,A,F,63.9
205,4/6/2014,A,M,66
349,4/6/2014,A,F,70
886,4/7/2014,A,F,62.5
288,4/7/2014,A,U,70.3
219,4/7/2014,A,M,63.2
308,4/8/2014,A,F,71.7
321,4/15/2014,A,M,61.7
40,4/17/2014,A,F,71.2
351,4/17/2014,A,F,65.6
353,4/26/2014,A,F,61.7
20,4/26/2014,A,F,69.4
358,4/26/2014,A,M,74
346,5/7/2014,A,F,68.6
906,5/9/2014,A,U,59.4
585,9/13/2014,U,M,45.2
917,10/13/2014,Y,M,49.4
586,10/14/2014,U,U,54.6
38,10/14/2014,A,M,50.7
172,10/14/2014,A,M,58.3
587,10/14/2014,U,M,47.2
588,10/14/2014,U,M,43.9
914,10/15/2014,A,F,70
857,10/14/2014,Y,M,56.7
589,10/14/2014,U,M,47.6
590,10/15/2014,U,U,44
591,10/15/2014,U,M,47.7
592,10/15/2014,U,U,44.9
593,10/29/2014,U,M,58.2
594,10/29/2014,U,M,50
595,10/29/2014,U,M,52
911,10/29/2014,Y,M,50.1
908,10/29/2014,Y,M,56.7
596,10/29/2014,U,M,56.2
597,10/29/2014,U,M,49.8
598,10/30/2014,U,M,49.3
20,10/30/2014,A,F,68.1
599,10/30/2014,U,M,39.9
600,10/30/2014,U,M,49.4
859,10/30/2014,Y,M,55.7
913,10/30/2014,Y,M,53.2
601,10/30/2014,U,M,54.5
602,10/30/2014,U,M,46.6
603,10/30/2014,U,M,54
604,10/30/2014,U,M,48.5
605,10/30/2014,U,M,47
606,10/30/2014,U,M,54
607,10/30/2014,U,M,48.7
608,10/30/2014,U,M,56.6
609,10/30/2014,U,M,57
610,10/30/2014,U,M,55.2
611,10/30/2014,U,M,52.4
612,10/30/2014,U,M,53.9
181,10/30/2014,A,M,62.2
860,10/30/2014,U,M,57.7
614,10/30/2014,U,M,51.8
615,10/30/2014,U,M,57.7
616,10/30/2014,U,M,56.9
617,10/26/2014,U,U,41.6
618,10/26/2014,U,U,53.3
619,10/27/2014,U,M,58.1
621,10/27/2014,U,M,41.1
620,10/26/2014,U,M,58.2
918,10/26/2014,Y,F,51.3
621,10/26/2014,U,M,41.1
622,10/26/2014,U,U,48.7
623,10/27/2014,U,M,52.2
620,10/27/2014,U,M,58.3
207,10/27/2014,A,M,59.1
624,10/30/2014,U,M,54.2
625,10/30/2014,U,M,55.1
626,10/30/2014,U,M,49.2
627,10/30/2014,U,M,50.6
915,10/30/2014,Y,M,54.3
910,10/30/2014,Y,M,52.1
315,10/30/2014,A,F,73.3
628,10/30/2014,U,M,52.1
629,10/30/2014,U,M,40.5
630,10/30/2014,U,M,47
631,10/30/2014,U,M,48.8
632,10/30/2014,U,M,47.6
633,10/30/2014,U,M,46.8
634,10/30/2014,U,M,52.3
635,10/30/2014,U,M,47.4
636,10/30/2014,U,M,49.7
637,10/30/2014,U,M,49.8
638,10/30/2014,U,M,51.2
639,10/30/2014,U,M,48.1
640,10/30/2014,U,M,45.4
641,10/30/2014,U,M,48.5
642,10/30/2014,U,M,50.8
643,10/30/2014,U,M,47.1
644,10/30/2014,U,M,46.8
645,10/28/2014,U,M,50.2
646,10/28/2014,U,U,51.5
647,10/28/2014,U,M,47.5
648,10/29/2014,U,M,53.3
649,10/30/2014,U,M,43.7
650,10/30/2014,U,M,46.5
107,10/30/2014,A,F,58.8
651,10/30/2014,U,M,46.5
652,10/30/2014,U,M,45.4
307,10/30/2014,A,F,57
653,10/30/2014,U,M,58.3
167,10/30/2014,A,F,57
311,10/30/2014,A,F,53.6
267,10/30/2014,A,F,67
585,10/30/2014,Y,M,51.5
654,10/30/2014,U,M,49.6
337,10/30/2014,A,M,56.8
655,10/30/2014,U,M,49.7
656,10/30/2014,U,M,45.5
884,10/30/2014,Y,M,48.1
657,10/30/2014,U,M,48.8
658,10/30/2014,U,M,49.7
908,10/30/2014,Y,M,43.5
659,10/30/2014,U,M,47
660,10/29/2014,U,M,54.2
661,10/29/2014,U,M,51.9
662,10/29/2014,U,M,53.5
248,10/29/2014,A,M,61
310,10/30/2014,A,F,65
663,10/30/2014,U,M,46.6
664,10/30/2014,U,M,51.5
20,10/30/2014,A,F,71.2
187,10/30/2014,A,F,60.7
316,10/30/2014,A,F,64.3
916,10/30/2014,Y,M,43.1
665,10/30/2014,U,M,45.9
666,10/30/2014,U,M,59.6
667,10/30/2014,U,M,50.8
345,10/30/2014,A,F,76.7
40,10/30/2014,A,F,76.5
343,10/30/2014,A,F,68.5
668,10/30/2014,A,F,57.6
669,10/30/2014,U,F,49.8
670,10/30/2014,U,M,51.6
671,10/30/2014,U,M,49.1
672,10/30/2014,U,M,54.7
910,10/30/2014,Y,M,48.6
585,10/31/2014,U,M,49.3
605,10/31/2014,U,M,46.1
603,10/31/2014,U,M,48.6
673,10/31/2014,U,M,52.6
674,11/7/2014,U,U,46.8
670,11/6/2014,U,M,50.1
670,11/6/2014,U,M,49.9
351,11/6/2014,A,F,72.9
596,11/6/2014,U,M,53.9
675,11/6/2014,U,M,52.1
587,11/6/2014,U,U,59.6
676,11/6/2014,U,M,59.4
677,11/6/2014,U,M,52.9
325,11/6/2014,Y,M,50.9
658,11/6/2014,U,M,46.1
678,11/6/2014,U,M,53.8
587,11/7/2014,U,M,46.6
668,11/17/2014,A,F,59.1
679,11/17/2014,A,F,60
891,11/22/2014,Y,M,50
661,11/22/2014,U,M,49.8
680,11/22/2014,U,M,53.5
670,11/22/2014,U,M,50.3
681,11/22/2014,U,F,49.6
682,11/22/2014,U,F,56.8
597,11/22/2014,U,M,47.5
652,11/22/2014,U,U,47.8
47,11/22/2014,A,F,68.8
611,11/22/2014,U,U,45.6
807,11/22/2014,Y,F,58.9
579,11/22/2014,Y,F,56.7
683,11/22/2014,U,M,48.6
684,11/22/2014,U,M,51.7
685,11/22/2014,U,M,50.2
686,11/22/2014,U,M,53
577,11/22/2014,Y,F,60.5
687,11/22/2014,U,F,59.2
663,11/23/2014,U,M,45
578,11/23/2014,Y,F,55.2
688,11/22/2014,U,U,51.4
689,11/22/2014,U,M,55.3
646,11/22/2014,U,U,59.8
690,11/22/2014,U,U,40
154,11/22/2014,A,F,68.1
691,11/22/2014,U,M,53
20,11/23/2014,A,F,68.3
685,11/23/2014,U,M,44.8
692,11/22/2014,U,F,51.3
693,11/22/2014,U,U,48.6
145,11/23/2014,A,F,65.3
694,11/22/2014,U,F,52.5
642,11/22/2014,U,M,48.7
695,11/22/2014,U,U,49.6
696,11/22/2014,U,M,48.6
697,11/22/2014,U,U,44.2
698,11/22/2014,U,U,47.1
699,11/22/2014,U,F,53.3
247,11/22/2014,A,F,63.9
311,11/22/2014,A,F,57.2
120,11/22/2014,A,F,62.6
679,11/22/2014,U,F,64.9
643,11/22/2014,U,M,46.8
700,11/22/2014,U,M,46
638,11/22/2014,U,M,53.5
701,11/22/2014,U,U,51.7
702,11/23/2014,U,M,53.6
703,11/22/2014,U,F,58.4
704,11/23/2014,U,M,47.5
705,11/23/2014,U,M,48.8
706,11/23/2014,U,M,50.7
882,11/22/2014,Y,M,49.4
707,11/22/2014,U,U,46.3
647,11/23/2014,U,M,48.4
594,11/23/2014,U,M,47.9
885,11/23/2014,Y,M,50.1
708,11/23/2014,U,U,48.7
310,11/23/2014,A,F,67.8
890,11/23/2014,Y,M,50.5
709,11/22/2014,U,M,48.9
607,11/23/2014,U,M,47
682,11/23/2014,U,F,53.3
710,11/23/2014,U,M,44.1
671,11/23/2014,U,M,45.6
349,10/30/2014,A,F,75.8
700,11/23/2014,U,M,45.7
711,11/23/2014,U,F,58.2
614,11/23/2014,Y,M,51.1
712,11/23/2014,U,U,46.3
603,11/23/2014,U,U,48.8
713,11/23/2014,U,M,49.1
247,11/23/2014,A,F,61.2
714,11/23/2014,U,F,49.3
154,11/23/2014,A,F,67.1
661,11/23/2014,U,M,49.4
696,11/23/2014,U,M,46.6
715,11/24/2014,U,U,43.4
716,11/24/2014,U,U,48.5
705,11/24/2014,U,M,46.2
704,11/24/2014,U,M,48.4
603,11/24/2014,U,U,47.5
187,11/24/2014,A,F,NA
717,11/24/2014,U,F,58.1
718,11/24/2014,U,M,50.8
719,11/24/2014,U,M,48
720,11/24/2014,U,M,52.2
717,11/24/2014,A,F,60.4
604,11/24/2014,U,M,46.1
606,11/26/2014,U,M,48.6
721,11/26/2014,U,U,48.5
722,11/26/2014,U,U,40.6
345,11/26/2014,A,F,65.7
860,11/26/2014,U,M,40
311,11/27/2014,A,F,56.9
714,12/1/2014,U,F,44.1
145,12/1/2014,A,F,66.6
722,12/1/2014,U,U,39.8
723,12/6/2014,Y,U,43
724,12/6/2014,U,U,49.3
669,12/6/2014,U,F,49.2
660,12/7/2014,U,M,51.1
315,12/6/2014,A,F,64.8
725,12/6/2014,U,M,47.9
634,12/6/2014,U,M,53.3
719,12/6/2014,U,M,46.9
629,12/7/2014,U,M,43.3
631,12/7/2014,U,M,49.9
913,12/6/2014,Y,M,48.4
710,12/6/2014,U,M,43.2
726,11/26/2014,U,F,45.9
638,12/4/2014,U,M,52.1
727,12/7/2014,U,M,56.6
661,12/7/2014,U,M,48.4
720,12/7/2014,U,M,50.1
687,12/7/2014,A,F,57.7
349,12/13/2014,A,F,67
172,12/20/2014,A,M,56.1
618,12/20/2014,U,U,49.6
308,12/20/2014,A,F,67.7
664,12/20/2014,U,M,50.5
40,12/20/2014,A,F,69.1
672,12/20/2014,U,M,49
681,12/20/2014,U,F,52.8
728,12/20/2014,U,U,60.3
353,12/20/2014,A,F,67.3
47,12/21/2014,A,F,66.7
349,12/21/2014,A,F,69.1
599,12/21/2014,U,M,45.7
624,12/21/2014,U,M,51.6
725,12/21/2014,U,M,45.9
711,12/21/2014,U,F,60.7
107,12/21/2014,A,F,63.5
729,12/21/2014,U,U,51.4
891,12/22/2014,Y,M,48
654,12/22/2014,U,M,47.4
730,12/22/2014,U,U,49.9
633,12/22/2014,Y,M,48.8
731,12/22/2014,U,F,47.6
682,12/22/2014,A,F,60.3
690,12/22/2014,U,U,41.5
628,12/22/2014,U,M,44.2
312,12/23/2014,A,M,64
205,12/23/2014,A,M,63.4
732,12/23/2014,U,U,46.3
682,12/23/2014,A,F,53.6
145,12/23/2014,A,F,NA
698,12/23/2014,A,U,53.8
181,12/24/2014,A,M,57.5
645,12/24/2014,U,M,40
908,12/24/2014,Y,M,53.6
627,12/24/2014,U,U,50
601,12/24/2014,U,M,45.5
667,12/24/2014,U,M,47.4
334,12/24/2014,A,F,67.6
623,12/24/2014,U,M,54.2
689,12/24/2014,U,M,52.9
612,12/24/2014,U,M,51.6
653,12/24/2014,U,M,58.8
267,12/25/2014,A,F,66.1
733,12/25/2014,U,U,47.5
692,12/25/2014,U,F,52.8
734,12/25/2014,U,U,52.2
343,12/27/2014,A,F,65.4
353,12/28/2014,A,F,58.2
735,12/28/2014,U,U,47.5
736,12/28/2014,U,U,47.5
857,12/28/2014,Y,M,56.1
38,12/28/2014,A,M,56.1
625,12/28/2014,U,M,53.5
737,12/28/2014,U,M,50.4
859,12/28/2014,Y,M,53.3
626,12/28/2014,U,M,45.8
918,12/28/2014,Y,F,55.9
313,12/29/2014,A,F,59.6
659,12/29/2014,U,M,38.5
358,12/29/2014,A,M,69.2
318,12/29/2014,A,U,64.6
738,12/30/2014,U,U,48.9
675,1/12/2015,U,M,47.4
732,1/13/2015,U,U,44.5
313,1/13/2015,A,F,60.4
737,1/13/2015,U,M,56.9
703,12/24/2014,U,F,63.3
107,1/16/2015,A,F,66.4
593,1/16/2015,U,M,58.8
691,2/2/2015,U,M,45.7
597,2/2/2015,U,M,59.3
626,2/16/2015,U,M,47.7
739,2/16/2015,U,U,51.2
732,2/17/2015,U,U,49.7
740,2/22/2015,U,U,44.6
707,2/22/2015,U,U,59.9
741,2/22/2015,U,F,40.2
707,2/23/2015,U,U,61.6
714,3/3/2015,U,F,46.8
742,3/11/2015,U,U,59.3
918,3/11/2015,Y,F,50
694,3/12/2015,U,U,57.4
743,3/13/2015,U,U,49.2
602,3/13/2015,U,M,49.9
744,3/14/2015,U,U,47.9
609,3/13/2015,U,M,50.5
745,3/13/2015,U,U,54.5
630,3/13/2015,U,M,49.1
906,3/13/2015,U,U,55.7
745,3/14/2015,U,U,51.4
744,3/14/2015,U,U,41.9
890,3/14/2015,Y,M,49.6
311,3/14/2015,A,F,57.6
145,3/16/2015,A,F,70.5
702,3/17/2015,U,M,53.5
683,3/18/2015,U,M,43.8
739,3/20/2015,U,U,51.3
660,3/21/2015,U,M,45.6
713,3/19/2015,U,M,52.8
695,3/20/2015,U,U,49.1
746,3/21/2015,U,U,47.7
671,3/22/2015,U,M,42.9
635,3/21/2015,U,M,52.5
620,3/21/2015,U,M,69.7
747,3/22/2015,U,U,48.5
626,3/22/2015,U,M,47.4
714,3/22/2015,U,F,47.4
621,3/22/2015,U,M,50.5
600,3/22/2015,U,M,54.7
736,3/23/2015,U,M,49.1
915,3/22/2015,Y,M,53.1
207,3/22/2015,A,M,62.8
313,3/23/2015,A,F,58.9
747,3/23/2015,U,U,44.8
353,3/23/2015,A,F,58.1
737,3/23/2015,U,M,55.2
699,3/23/2015,U,F,62.3
671,3/25/2015,U,M,49.5
748,3/25/2015,U,U,50.9
308,3/26/2015,A,F,64.5
308,3/27/2015,A,F,66.1
688,3/27/2015,U,U,59.7
52,5/10/2010,A,F,NA
749,10/13/2015,A,U,61.5
618,10/13/2015,A,U,57.9
750,10/13/2015,A,U,57.4
207,10/14/2015,A,M,66.3
751,10/14/2015,A,U,56.4
181,10/14/2015,A,M,60
579,10/14/2015,A,F,62.9
594,10/15/2015,A,M,55.7
38,10/15/2015,A,U,59.8
678,10/16/2015,A,M,54.3
611,10/16/2015,A,M,58.5
680,10/16/2015,A,M,55.1
585,10/16/2015,Y,M,45
887,10/20/2015,A,M,58.1
752,10/21/2015,A,M,55.6
753,10/20/2015,A,M,53.9
187,10/20/2015,A,F,61
710,10/21/2015,A,M,48.2
601,10/21/2015,A,M,45.9
754,10/21/2015,A,M,56.4
596,10/21/2015,A,M,51.2
847,10/22/2015,A,M,65.3
755,10/22/2015,A,M,57.5
882,10/22/2015,A,U,49.3
653,10/22/2015,A,M,58.9
666,10/22/2015,A,M,60.5
609,10/23/2015,A,M,49
888,10/23/2015,A,M,47.2
713,10/23/2015,A,U,51.5
612,10/25/2015,U,M,53.2
606,10/25/2015,U,M,57.5
663,10/25/2015,A,M,59.4
687,10/25/2015,A,F,64.8
857,10/25/2015,A,M,60.4
756,10/25/2015,U,M,52.2
757,10/25/2015,A,F,66.1
758,10/25/2015,A,F,65.5
657,10/25/2015,U,M,54.7
759,10/25/2015,U,M,56.2
267,10/25/2015,A,F,76.2
628,10/25/2015,U,M,60.4
775,10/26/2015,A,F,55.4
760,10/25/2015,U,M,55.6
761,10/26/2015,A,F,55
762,10/26/2015,U,M,58.3
820,10/26/2015,A,F,59.8
576,10/26/2015,A,F,53.5
763,10/26/2015,U,M,57.4
764,10/26/2015,A,F,54.3
765,10/26/2015,A,F,59.5
766,10/26/2015,A,F,51.1
767,10/26/2015,A,F,59.8
571,10/26/2015,A,F,52.6
538,10/26/2015,A,F,52.9
819,10/26/2015,A,F,58.3
768,10/26/2015,A,F,59.5
573,10/26/2015,A,F,65.5
769,10/26/2015,A,F,57.5
770,10/26/2015,A,F,52.4
771,10/26/2015,A,F,56
802,10/26/2015,A,F,61.5
345,10/26/2015,A,F,75.2
748,10/26/2015,A,M,52
675,10/26/2015,A,M,54.1
40,10/26/2015,A,F,73.6
682,10/26/2015,A,F,65.8
594,10/26/2015,A,M,56.1
772,10/26/2015,A,F,57.1
773,10/26/2015,A,F,55.9
574,10/26/2015,A,F,60.3
774,10/26/2015,A,F,55.7
311,10/26/2015,A,F,60
775,10/26/2015,A,F,59.1
776,10/26/2015,U,U,52.2
777,10/26/2015,A,F,53.7
778,10/26/2015,A,F,59.5
779,10/26/2015,U,M,59.8
780,10/26/2015,U,M,57.2
654,10/26/2015,A,M,57.5
915,10/26/2015,A,M,55.2
773,10/26/2015,A,F,58.6
647,10/27/2015,A,M,45.2
781,10/27/2015,A,F,55.2
782,10/26/2015,A,F,69
806,10/26/2015,A,F,60.2
783,10/26/2015,Y,M,51.7
784,10/26/2015,A,M,60.6
692,10/26/2015,A,F,54.7
758,10/26/2015,A,F,62.7
315,10/26/2015,A,F,62.7
20,10/26/2015,A,F,74.2
755,10/26/2015,A,M,57.5
762,10/26/2015,A,M,56.6
785,10/26/2015,U,M,54
652,10/26/2015,A,M,56.4
792,10/26/2015,A,F,62.6
668,10/26/2015,A,F,63.5
786,10/26/2015,A,F,60.4
311,10/27/2015,A,F,53.8
788,10/27/2015,A,F,63.9
611,10/27/2015,A,M,57
787,10/27/2015,A,F,59.7
734,10/27/2015,U,U,52.2
820,10/27/2015,A,F,52.4
789,10/27/2015,A,M,53.3
769,10/27/2015,A,F,60.2
765,10/27/2015,A,F,60.2
790,10/28/2015,A,F,60.8
571,10/28/2015,A,F,55.5
770,10/28/2015,A,F,60.9
538,10/28/2015,A,F,56
767,10/28/2015,A,F,61.4
791,10/28/2015,A,F,63.7
793,10/29/2015,A,F,56.7
794,10/29/2015,A,F,54.4
606,10/29/2015,A,M,53.5
796,10/29/2015,A,M,44.5
797,10/29/2015,A,F,50.5
200,10/29/2015,A,M,59.4
784,10/29/2015,A,M,48.4
796,10/29/2015,A,M,45.7
752,10/30/2015,A,M,47.1
200,10/30/2015,A,M,63.4
838,10/30/2015,A,F,57.6
798,10/30/2015,A,F,57.1
799,11/1/2015,A,F,57.4
800,11/1/2015,A,F,58.3
682,11/1/2015,A,F,66
573,11/1/2015,A,F,60
782,11/1/2015,A,U,68.2
308,11/1/2015,A,F,70.3
778,11/1/2015,A,F,60.1
801,11/1/2015,A,U,60.5
883,11/1/2015,A,M,54
606,11/1/2015,A,M,51.8
803,11/1/2015,A,U,57.1
570,11/1/2015,A,F,58.2
919,11/1/2015,A,F,54.8
806,11/1/2015,A,F,59.7
802,11/1/2015,A,F,55.4
791,10/30/2015,A,F,53.8
699,11/1/2015,U,U,60.4
795,11/1/2015,A,F,63.1
767,11/1/2015,A,F,60.6
793,11/1/2015,A,F,56
805,11/1/2015,A,F,61.6
855,11/2/2015,A,F,61.6
812,11/2/2015,A,F,67.9
596,11/2/2015,A,M,57.8
804,11/2/2015,A,F,51.2
808,11/2/2015,A,F,51.3
809,11/2/2015,U,M,52.9
810,11/2/2015,A,F,57
741,11/2/2015,A,F,52.1
285,11/2/2015,A,M,61.5
883,11/2/2015,A,M,53.2
38,11/3/2015,A,M,58.2
767,11/3/2015,A,F,61.6
915,11/2/2015,A,M,60.7
792,11/2/2015,A,F,60.5
785,11/2/2015,A,M,52.6
618,11/3/2015,A,U,56.7
40,11/3/2015,A,F,64.5
813,11/3/2015,A,F,54.3
814,11/4/2015,A,F,54.3
20,11/4/2015,A,F,73.4
618,11/3/2015,A,M,57.9
815,11/3/2015,A,F,52.8
816,11/7/2015,A,U,54.1
817,11/9/2015,A,F,53.3
682,11/9/2015,A,F,66.5
818,11/9/2015,A,F,48.3
808,11/9/2015,A,F,51.8
752,11/8/2015,A,M,51.7
596,11/9/2015,A,M,60
675,11/8/2015,A,M,53.2
822,11/5/2015,A,F,63.7
597,11/10/2015,A,M,48
860,11/10/2015,A,M,49.5
823,11/10/2015,A,M,53.7
824,11/10/2015,A,M,47
825,11/9/2015,A,F,60.1
826,11/9/2015,A,F,58.8
756,11/9/2015,U,M,51.3
888,11/9/2015,U,M,54.5
681,11/9/2015,A,F,66.4
827,11/9/2015,A,F,59.2
752,11/9/2015,U,M,54.1
620,11/9/2015,A,M,62.5
839,11/8/2015,A,M,53
575,11/8/2015,A,F,57.1
828,11/8/2015,A,M,57
781,11/6/2015,A,F,61.1
345,11/6/2015,A,M,71.7
846,11/6/2015,A,U,51
812,11/8/2015,A,F,63.3
828,11/9/2015,A,M,52
756,11/9/2015,A,M,49.4
733,11/9/2015,A,M,50.5
103,11/9/2015,A,F,51.2
40,11/11/2015,A,F,69.3
757,11/11/2015,A,U,66.7
600,11/11/2015,A,M,52.2
839,11/7/2015,A,M,54.3
820,11/8/2015,A,F,56.7
748,11/8/2015,U,M,52.7
575,11/10/2015,A,F,55.1
831,11/10/2015,A,F,65.5
832,11/10/2015,A,M,57.6
572,11/10/2015,A,F,55.4
806,11/10/2015,A,F,61.1
833,11/10/2015,A,F,64.7
782,11/10/2015,A,F,63.5
795,11/11/2015,A,F,61.2
834,11/11/2015,A,F,56.6
308,11/11/2015,A,F,69.8
597,11/11/2015,A,M,55.9
822,11/12/2015,U,U,63.7
579,11/12/2015,A,F,70.2
836,11/12/2015,A,F,59.9
781,11/12/2015,A,F,57.5
626,11/12/2015,A,M,51.5
838,11/12/2015,A,U,59.2
103,11/12/2015,A,F,51.9
811,11/16/2015,A,F,59.4
682,11/16/2015,A,U,61
825,11/15/2015,A,F,69.8
888,11/15/2015,U,M,52.8
791,11/16/2015,A,U,61.1
919,11/17/2015,A,F,NA
820,11/16/2015,A,U,55.7
678,11/17/2015,A,M,49.3
830,11/17/2015,A,M,48
821,11/18/2015,A,F,58.7
806,11/18/2015,A,F,54.1
653,11/18/2015,A,F,55.6
40,11/18/2015,A,U,66.7
782,11/18/2015,A,U,68.2
818,11/18/2015,A,F,56.4
814,11/18/2015,A,U,53.8
775,11/18/2015,A,F,55.5
840,11/18/2015,A,U,58.4
699,11/18/2015,A,F,61.2
834,11/18/2015,A,U,59.1
781,11/18/2015,A,F,60.8
808,11/18/2015,A,F,56.9
832,11/18/2015,A,U,53.7
681,11/18/2015,A,U,59.9
841,11/18/2015,A,U,55.1
663,11/18/2015,A,U,50.2
855,11/19/2015,A,U,61.9
842,11/19/2015,A,U,55.1
620,11/19/2015,A,M,60
605,11/19/2015,A,F,52.9
843,11/19/2015,A,U,55.8
780,11/19/2015,A,U,52.9
680,11/20/2015,U,U,58.6
172,11/20/2015,U,U,57
844,11/20/2015,A,F,57.5
605,11/20/2015,A,U,52
733,11/20/2015,A,U,58.7
845,11/21/2015,A,F,47.3
103,11/21/2015,A,F,53.9
579,11/22/2015,A,F,66.6
836,11/22/2015,A,U,61.2
771,11/26/2015,A,F,51
710,11/26/2015,A,U,45.9
860,11/26/2015,A,U,47.8
315,11/26/2015,A,U,64.1
635,11/27/2015,A,M,54.6
308,11/27/2015,A,U,69.4
626,11/27/2015,A,U,51
844,11/28/2015,A,U,58.3
310,11/28/2015,A,U,66.5
612,11/28/2015,A,U,50
618,11/29/2015,A,U,67.8
848,12/2/2015,U,U,48.2
849,12/1/2015,U,U,53.5
850,12/1/2015,A,U,64.4
267,12/2/2015,A,U,73.3
780,12/2/2015,A,U,52.1
753,12/2/2015,A,U,46.7
38,12/2/2015,A,U,49.8
754,12/2/2015,A,U,52.1
852,12/2/2015,A,U,58.7
596,12/2/2015,A,U,56.1
750,12/2/2015,A,U,50.5
594,12/2/2015,A,U,53.9
826,12/2/2015,A,F,55.1
811,12/2/2015,A,F,61.5
675,12/3/2015,A,U,46.7
647,12/2/2015,A,U,45.6
854,12/11/2015,A,U,56
759,12/16/2015,U,U,57.2
181,12/16/2015,A,U,56.6
600,12/16/2015,A,U,55.3
855,12/17/2015,A,U,54.3
763,12/17/2015,A,U,55.1
666,12/22/2015,A,U,60.5
851,12/29/2015,A,U,62.8
308,12/31/2015,A,U,64.5
810,12/31/2015,A,U,60.6
308,1/15/2016,A,U,65.3
308,1/21/2016,A,U,62.8
783,1/21/2016,A,U,50.2
657,1/22/2016,A,U,54.8
858,11/8/2015,A,F,61
311,2/19/2016,A,F,58.9
692,3/7/2016,A,F,58.2
692,3/8/2016,A,F,60.9
818,3/10/2016,A,F,59
842,3/17/2016,A,U,65.3
794,3/18/2016,A,U,63
861,3/25/2016,M,U,36.7
862,3/28/2016,M,U,42.9
863,3/28/2016,M,U,40.3
864,3/28/2016,M,U,44.6
865,3/28/2016,M,U,38
866,3/28/2016,M,U,39.4
867,3/28/2016,M,U,39.2
868,3/28/2016,M,U,38.7
869,3/31/2016,M,U,42.9
870,3/31/2016,M,U,43.9
871,3/31/2016,M,U,40.2
872,3/31/2016,M,U,37.8
873,3/31/2016,M,U,40.9
874,3/31/2016,M,U,41.1
875,3/31/2016,M,U,41.6
876,3/31/2016,M,U,41.5
877,3/31/2016,M,U,38.9
878,3/31/2016,M,U,42.6
879,3/31/2016,M,U,41.5
880,3/31/2016,M,U,39.2
881,3/28/2016,M,U,43.6
873,4/2/2016,M,U,44.8
783,4/2/2016,A,U,52.1
877,4/2/2016,M,U,37.8
863,4/2/2016,M,U,37.5
892,4/6/2016,M,U,43.1
893,4/6/2016,M,U,43.1
894,4/6/2016,M,U,40.6
895,4/6/2016,M,U,39.5
896,4/6/2016,M,U,42.6
897,4/6/2016,M,U,41.1
898,4/6/2016,M,U,41.3
899,4/6/2016,M,U,39.9
900,4/6/2016,M,U,38.2
901,4/6/2016,M,U,41.5
902,4/6/2016,M,U,35.5
903,4/6/2016,M,U,42.2
904,4/6/2016,M,U,42.6
905,4/6/2016,M,U,45.9
907,4/13/2016,M,U,41.1
837,4/13/2016,M,U,38.8
909,4/13/2016,M,U,41
912,4/13/2016,M,U,38.6
741,4/14/2016,A,F,54.2
650,4/15/2016,A,U,60.1
898,4/17/2016,M,U,NA
936,4/20/2016,M,U,40.5
937,4/20/2016,M,U,41
938,4/20/2016,M,U,36.7
939,4/20/2016,M,U,33.5
940,4/20/2016,M,U,42.8
936,4/22/2016,M,U,41.8
737,4/22/2016,A,U,58.2
941,4/25/2016,M,U,41.8
678,4/27/2016,A,U,58.2
805,5/3/2016,A,F,59.4
942,5/10/2016,A,U,56.7
750,11/8/2016,A,M,50.3
666,11/8/2016,A,M,63.3
362,11/8/2016,A,F,69.4
363,11/8/2016,U,M,55.9
172,11/8/2016,A,M,57.8
650,11/9/2016,A,M,61.3
767,11/9/2016,A,F,69.9
364,11/9/2016,U,M,51.1
365,11/9/2016,U,M,45.6
366,11/9/2016,A,U,64.6
367,11/9/2016,U,M,50.8
663,11/9/2016,A,M,56.8
771,11/9/2016,A,U,63
682,11/9/2016,A,F,59.5
597,11/9/2016,A,M,60.5
368,11/9/2016,U,M,45.9
767,11/10/2016,A,F,63.4
680,11/10/2016,A,M,62.9
597,11/10/2016,A,M,58.8
611,11/8/2016,A,M,60.3
609,11/9/2016,A,M,58.5
653,11/25/2016,A,M,59.7
369,11/25/2016,A,U,43.7
773,11/25/2016,A,F,59.1
363,11/25/2016,A,M,56.1
181,11/25/2016,A,M,62.3
618,11/25/2016,A,M,64.3
370,11/26/2016,A,F,61
371,11/26/2016,U,M,50.1
372,11/26/2016,A,F,61.5
635,11/27/2016,A,M,58.4
699,11/30/2016,A,F,61.6
373,11/30/2016,A,F,68.3
814,11/30/2016,A,F,61.5
597,11/30/2016,A,M,60.6
374,11/30/2016,U,M,46.7
375,11/30/2016,A,F,66.2
267,11/30/2016,A,F,68.7
376,11/30/2016,A,F,64.8
377,11/30/2016,A,F,61.3
820,11/30/2016,A,F,60.8
775,11/30/2016,A,F,61.9
678,11/30/2016,A,M,58.1
378,11/30/2016,Y,U,37.4
379,11/30/2016,Y,U,41.9
681,11/30/2016,A,F,64.4
380,12/1/2016,A,M,57.8
840,12/1/2016,A,F,54.3
267,12/1/2016,A,F,66.8
692,12/1/2016,A,F,55.2
381,12/1/2016,U,M,54.9
597,12/4/2016,A,M,58.5
308,12/4/2016,A,F,67.4
759,12/4/2016,A,M,66.3
382,12/4/2016,A,F,64.9
841,12/4/2016,A,F,62.7
766,12/4/2016,A,F,59
579,12/4/2016,A,F,67.3
802,12/4/2016,A,F,65.3
787,12/4/2016,A,F,62.9
806,12/4/2016,A,F,65.1
383,12/4/2016,U,M,49
575,12/5/2016,A,F,66.6
803,12/4/2016,A,F,62.8
783,12/5/2016,A,M,55.6
821,12/5/2016,A,F,63
883,12/5/2016,A,M,57.8
741,12/5/2016,A,F,59.1
782,12/5/2016,A,F,67.2
343,12/5/2016,A,F,64.8
805,12/5/2016,A,F,64.6
854,12/5/2016,A,M,58.6
781,12/5/2016,A,F,69
805,12/7/2016,A,F,58.1
384,12/7/2016,A,F,57.2
783,12/8/2016,A,M,69.8
840,12/11/2016,A,F,58.6
794,12/14/2016,A,F,61.2
576,12/13/2016,A,F,54.5
385,12/13/2016,A,F,63.1
814,12/13/2016,A,M,56.9
386,12/13/2016,A,F,63.2
575,12/13/2016,A,F,62.4
387,3/25/2017,A,U,51.2
854,3/30/2017,A,F,56.9
388,3/30/2017,A,U,44.6
389,3/30/2017,A,U,49.6
390,3/31/2017,A,U,52.6
791,4/3/2017,A,U,65.6
678,4/3/2017,A,U,59.9
391,4/5/2017,A,U,72.3
699,4/5/2017,A,U,61.6
392,4/5/2017,M,U,34.8
393,4/5/2017,M,U,37.1
791,4/14/2017,A,U,63.2
394,4/16/2017,A,U,58.8
395,4/16/2017,M,U,38.1
396,4/18/2017,M,U,32
397,4/18/2017,A,U,65.7
950,4/19/2017,M,U,31
398,4/20/2017,A,U,50.4
399,4/21/2017,A,U,59.9
400,4/21/2017,A,U,51.5
399,4/23/2017,A,U,54.8
401,5/1/2017,A,U,55.6
402,5/1/2017,A,U,51.1
403,5/2/2017,A,U,60.3
401,5/3/2017,A,U,51.2
389,5/4/2017,A,U,53
782,5/8/2017,A,U,62.8
404,5/12/2017,M,U,41.1
408,10/19/2017,A,F,61.5
411,10/22/2017,A,F,59
618,10/22/2017,A,F,64
409,10/22/2017,A,F,61.3
406,10/22/2017,A,M,48.2
405,10/22/2017,A,M,51.4
410,10/22/2017,A,F,59.3
413,10/23/2017,A,F,55.5
414,10/23/2017,A,M,55.5
422,10/23/2017,A,M,49.1
421,10/23/2017,A,M,49.9
417,10/23/2017,A,M,54
415,10/23/2017,A,F,55.4
419,10/23/2017,A,M,52
418,10/23/2017,A,M,53.1
365,10/23/2017,A,M,59.3
420,10/23/2017,A,M,49.9
407,10/23/2017,A,F,71.1
412,10/23/2017,A,M,56.2
423,10/23/2017,A,M,43.3
416,10/23/2017,A,F,54.8
437,10/24/2017,A,M,47.5
429,10/24/2017,A,M,58.4
438,10/24/2017,A,M,46.5
369,10/24/2017,A,F,55.5
442,10/24/2017,A,F,55.8
428,10/24/2017,A,M,59
426,10/24/2017,A,F,60.1
432,10/24/2017,A,M,53.4
424,10/24/2017,A,F,66.3
425,10/24/2017,A,F,64.8
435,10/24/2017,A,M,51.8
427,10/24/2017,A,M,59.4
433,10/24/2017,A,M,52.5
431,10/24/2017,A,M,55.3
436,10/24/2017,A,F,49.5
434,10/24/2017,A,M,52.3
439,10/26/2017,A,F,55.3
444,10/27/2017,A,M,49.5
376,10/27/2017,A,F,71.8
699,10/27/2017,A,F,65.6
854,10/27/2017,A,M,52.5
443,10/27/2017,A,F,60
440,10/27/2017,A,F,67.5
448,10/28/2017,A,F,55.3
445,10/28/2017,A,F,63
447,10/28/2017,A,F,62.1
372,10/28/2017,A,F,61.9
449,10/28/2017,A,M,44
430,10/28/2017,A,F,60.8
408,10/28/2017,A,F,62.2
446,10/28/2017,A,F,62.9
450,10/29/2017,A,M,46.4
451,10/31/2017,A,F,57.5
781,11/10/2017,A,F,65.8
452,10/31/2017,A,M,52.2
456,11/10/2017,A,M,46.5
464,11/14/2017,A,F,67.5
422,11/17/2017,A,M,48.2
413,11/18/2017,A,F,51
457,11/2/2017,Y,M,50
468,11/18/2017,A,M,44.5
411,11/18/2017,A,F,64.5
539,11/18/2017,A,F,55.5
453,11/2/2017,Y,M,50.2
943,11/18/2017,A,M,58.2
466,11/18/2017,A,F,61.9
458,11/3/2017,Y,M,51.5
459,11/4/2017,A,M,56.5
569,11/18/2017,U,M,54.2
460,11/5/2017,A,F,58.8
467,11/18/2017,A,U,52.4
375,12/1/2017,A,F,63.8
461,11/7/2017,U,M,54.8
381,12/4/2017,A,M,50.2
463,11/7/2017,U,M,51.2
477,12/4/2017,A,M,50.1
388,11/8/2017,A,M,53.5
380,12/4/2017,A,F,46.6
479,12/4/2017,A,M,45.3
462,11/8/2017,A,M,51.1
474,12/4/2017,A,F,52.9
481,12/4/2017,A,M,42.6
469,12/4/2017,A,M,58
478,12/4/2017,A,F,48
405,12/4/2017,A,M,49.5
464,12/4/2017,A,F,68.2
465,12/4/2017,A,F,59.1
472,12/4/2017,A,U,53.6
450,12/4/2017,U,U,47.9
459,12/4/2017,A,U,53.8
682,12/4/2017,A,U,61
476,12/4/2017,A,U,52.1
480,12/4/2017,Y,U,44
475,12/4/2017,A,U,52.3
791,12/4/2017,A,U,56.5
418,12/4/2017,A,M,52.3
482,12/4/2017,Y,U,42.5
473,12/4/2017,A,U,53.5
470,12/4/2017,A,U,55.2
438,12/5/2017,A,M,42
484,12/5/2017,A,M,62
483,12/5/2017,A,F,63
387,12/5/2017,A,M,57.5
476,12/5/2017,A,M,53.3
441,10/27/2017,A,F,63.4
471,12/4/2017,A,U,55.1
453,12/17/2017,Y,U,44.3
490,12/17/2017,Y,U,48
416,12/17/2017,A,U,55.9
400,12/17/2017,A,U,43.9
489,12/17/2017,Y,U,48.2
487,12/17/2017,U,U,52.6
802,12/17/2017,A,F,69.8
424,12/17/2017,A,F,68.1
430,12/17/2017,A,F,59.2
488,12/17/2017,A,M,51.2
441,12/17/2017,A,F,67.4
451,12/17/2017,A,F,66.8
486,12/17/2017,U,U,53.4
446,12/18/2017,A,F,64.4
454,12/17/2017,Y,U,43.7
431,12/17/2017,A,U,45
455,12/18/2017,A,U,54.7
456,12/19/2017,U,U,45.5
491,12/19/2017,U,U,45
492,12/20/2017,U,U,58.2
493,1/8/2018,A,U,56.3
494,1/11/2018,U,U,50.6
495,1/28/2018,Y,U,51.3
496,4/22/2018,A,U,63.6
547,4/22/2018,M,U,41
548,4/22/2018,M,U,36
403,4/22/2018,A,U,61.2
401,4/22/2018,A,U,61.1
484,4/22/2018,A,U,56.1
497,4/22/2018,A,U,54.5
107,4/22/2018,A,U,64
498,5/28/2018,A,U,52.5
549,5/28/2018,M,U,36.1
469,9/24/2018,A,U,61.8
501,9/24/2018,A,U,57.5
500,9/24/2018,A,U,58.8
503,9/25/2018,A,U,57.3
381,9/25/2018,A,U,53.2
504,9/25/2018,A,U,52
451,9/25/2018,A,U,59.3
502,9/25/2018,A,U,76.4
682,9/26/2018,A,F,66.8
508,9/26/2018,U,U,45.5
507,9/26/2018,A,U,50
505,9/26/2018,A,F,55.5
506,9/26/2018,A,F,51.7
509,9/27/2018,A,F,54.9
510,9/27/2018,A,U,54.4
406,10/1/2018,A,U,58.1
511,10/5/2018,A,U,51.3
504,10/5/2018,A,U,44.5
508,10/5/2018,A,U,48.3
512,10/7/2018,A,U,52.6
499,10/13/2018,A,F,53
539,10/15/2018,A,F,62.2
514,10/18/2018,A,U,54.2
515,10/18/2018,A,U,53.1
445,10/20/2018,A,F,66.1
699,10/20/2018,A,F,66.6
401,10/20/2018,A,M,56.5
521,10/20/2018,U,U,47.1
520,10/21/2018,A,M,49.8
519,10/21/2018,U,M,50.8
523,10/21/2018,A,M,53.8
522,10/21/2018,A,M,54.3
451,10/21/2018,A,F,56.4
453,10/21/2018,U,M,51
517,10/21/2018,A,F,56.9
518,10/21/2018,U,M,52.6
666,10/21/2018,U,U,56.2
434,10/21/2018,U,M,49.5
516,10/21/2018,A,F,70.3
780,10/21/2018,U,M,56.2
528,10/23/2018,U,M,54.6
387,10/23/2018,A,F,67
922,10/23/2018,Y,M,46.2
524,10/23/2018,A,F,61.1
526,10/23/2018,A,F,56.1
531,10/23/2018,U,M,47.1
527,10/23/2018,U,M,54.6
407,10/23/2018,A,F,56.6
529,10/23/2018,U,M,53.3
525,10/23/2018,A,F,58.3
530,10/23/2018,A,F,50.6
532,10/24/2018,U,M,51.2
536,10/25/2018,U,U,50.7
753,10/25/2018,A,M,60
802,10/25/2018,A,F,68.4
400,10/25/2018,A,U,56.4
473,10/25/2018,A,U,62.1
533,10/25/2018,A,F,63.3
537,10/25/2018,U,M,48.9
535,10/25/2018,U,U,51.3
950,10/25/2018,U,M,54.8
411,10/25/2018,A,F,66.8
511,10/25/2018,U,U,50.5
534,10/25/2018,U,F,54.8
543,10/26/2018,A,M,48.6
542,10/26/2018,A,F,55.1
540,10/26/2018,A,F,61.5
450,10/26/2018,A,M,49
492,10/26/2018,A,M,53
541,10/26/2018,U,M,56.2
682,10/26/2018,A,F,70.6
782,10/26/2018,A,F,65.4
375,10/26/2018,A,F,65
447,10/28/2018,A,F,59.8
531,10/28/2018,U,M,51.1
544,10/28/2018,U,F,57.7
546,10/29/2018,A,F,53.1
545,10/29/2018,A,M,53.2
386,10/29/2018,A,F,64.6
550,10/30/2018,U,M,48.2
526,10/31/2018,A,F,62
531,10/31/2018,U,M,51.2
551,10/31/2018,U,U,44.6
461,10/31/2018,A,M,58.8
526,11/1/2018,A,F,55.2
381,11/1/2018,A,M,54.5
508,11/1/2018,U,U,48.4
552,11/1/2018,A,F,59.9
553,11/2/2018,A,F,54
486,11/2/2018,A,F,54.3
959,11/2/2018,A,F,47.5
554,11/2/2018,A,F,52.3
446,11/2/2018,A,F,60.4
829,11/2/2018,A,M,48.9
491,11/2/2018,A,M,49.4
555,11/2/2018,A,F,51.3
369,11/2/2018,A,F,55.7
921,11/4/2018,A,F,48.5
530,11/5/2018,U,U,54.1
415,11/5/2018,A,U,63.4
482,11/5/2018,A,M,53.3
556,11/6/2018,A,F,60.3
557,11/7/2018,A,F,57.5
558,11/7/2018,A,U,57
559,11/7/2018,A,F,55
546,11/8/2018,A,F,65.8
561,11/9/2018,U,U,58.5
562,11/9/2018,A,F,51.3
563,11/9/2018,U,M,56.5
802,11/9/2018,A,F,70.8
459,11/9/2018,A,M,55.3
517,11/10/2018,A,F,54.2
564,11/10/2018,A,F,55
563,11/10/2018,U,M,44.6
565,11/11/2018,A,F,65.6
504,11/11/2018,A,M,48.3
566,11/11/2018,U,U,58.6
556,11/12/2018,A,F,56.3
554,11/12/2018,A,F,54.2
753,11/12/2018,A,M,56.8
566,11/12/2018,U,F,54.8
375,11/12/2018,A,F,65.9
482,11/12/2018,A,M,50.3
950,11/12/2018,A,M,51.2
580,11/13/2018,A,F,65.2
387,11/13/2018,A,U,63.5
393,11/13/2018,A,F,57.8
461,11/13/2018,A,U,52.3
403,11/13/2018,A,F,53.3
445,11/13/2018,A,F,62.2
559,11/13/2018,A,F,46.7
514,11/13/2018,U,U,52.8
330,11/13/2018,U,U,50.7
567,11/13/2018,A,F,57.5
451,11/15/2018,A,F,67.5
568,11/19/2018,U,U,52.5
530,11/19/2018,A,F,53.4
581,11/19/2018,U,U,45.5
330,11/19/2018,U,U,48.5
434,11/20/2018,A,U,56.1
530,11/24/2018,A,F,52.1
582,11/24/2018,U,F,54
583,11/24/2018,U,M,57.7
539,11/24/2018,A,F,61
563,11/25/2018,U,M,54.3
446,11/25/2018,A,F,64.5
384,11/25/2018,A,F,65.8
534,11/25/2018,A,F,58.2
506,11/25/2018,A,F,51.7
889,11/29/2018,A,U,52.7
579,11/29/2018,A,F,68.3
923,11/30/2018,A,F,58.3
451,11/30/2018,A,F,66.7
921,12/1/2018,A,F,52.6
525,12/2/2018,A,U,60.8
949,12/2/2018,A,U,65.4
923,4/4/2019,A,U,58
503,5/9/2019,A,U,58.8
479,5/9/2019,A,U,55.3
497,5/9/2019,A,U,60.5
753,10/18/2019,A,M,57.3
478,10/18/2019,A,F,61
924,10/18/2019,A,F,63
434,10/18/2019,A,U,57.4
780,10/19/2019,A,M,59.8
925,10/19/2019,A,U,61.3
926,10/21/2019,A,F,63.7
504,10/22/2019,A,U,52.4
530,10/24/2019,A,F,55.4
927,10/26/2019,A,M,61.6
950,10/26/2019,A,M,49.2
415,10/27/2019,A,F,61.7
802,10/29/2019,A,F,68.1
682,10/29/2019,A,F,69.3
456,10/29/2019,A,F,61.4
928,10/29/2019,A,M,58.9
781,10/29/2019,A,F,60.5
929,10/29/2019,A,F,65.1
925,10/29/2019,A,M,52.7
400,10/29/2019,A,M,60.7
461,10/29/2019,A,M,57.5
930,10/29/2019,A,F,64
459,10/29/2019,A,M,53.1
517,10/29/2019,A,F,62.8
931,10/30/2019,A,F,52.1
932,10/30/2019,A,M,60.1
579,10/30/2019,A,F,59.1
933,10/30/2019,A,U,53.9
375,10/30/2019,A,F,63.8
369,10/30/2019,A,F,56.6
934,10/31/2019,A,F,56.2
581,11/7/2019,A,F,51.5
486,11/7/2019,A,F,54.7
935,11/7/2019,A,F,60.6
770,11/7/2019,A,F,62.2
945,11/7/2019,A,F,61.5
946,11/8/2019,A,M,46.1
947,11/8/2019,A,F,55.3
446,11/8/2019,A,F,58.9
406,11/14/2019,A,M,51.9
770,11/14/2019,A,F,63.3
369,11/23/2019,A,F,60.8
944,11/23/2019,A,F,55.7
446,11/23/2019,A,F,59
944,11/24/2019,A,F,54.4
948,12/10/2019,A,U,50.4
741,12/11/2019,A,F,64.8
945,12/11/2019,A,U,57
554,12/11/2019,A,F,55.8
415,12/13/2019,A,F,62.1
400,12/13/2019,A,U,55.8
434,12/13/2019,A,U,58.1
558,12/13/2019,A,U,60.6
554,12/13/2019,A,F,58.9
579,12/13/2019,A,F,71.3
948,12/16/2019,A,U,51.4
424,12/16/2019,A,F,60.2
943,12/21/2019,A,U,55.2
802,12/21/2019,A,U,66.6
456,12/21/2019,A,U,58.5
926,12/21/2019,A,F,70.2
533,10/29/2020,A,F,68.7
951,10/24/2020,U,M,44.5
952,10/24/2020,U,U,40.3
583,10/24/2020,A,M,56.8
770,10/24/2020,A,F,68.4
948,10/24/2020,A,F,60.8
953,10/24/2020,A,M,49.5
434,10/24/2020,A,F,62.6
951,10/27/2020,U,U,43.5
554,11/5/2020,A,F,60.5
954,11/11/2020,A,M,48.5
955,11/21/2020,A,M,56.8
932,12/7/2020,A,M,50.4
955,11/22/2020,A,F,59.4
947,11/5/2020,A,F,67.6
533,11/26/2020,A,F,72.5
770,11/28/2020,A,U,59.4
954,11/28/2020,Y,U,42.8
953,11/28/2020,Y,U,43.6
533,11/30/2020,A,F,64.8
434,12/4/2020,A,U,56.5
948,12/13/2020,A,U,69.8
479,12/13/2020,A,U,55.7
953,12/12/2020,A,U,45.7
954,11/25/2020,A,U,45.1
956,12/31/2020,A,U,51.42
956,1/5/2021,A,U,52
957,1/7/2021,A,F,51.9
949,11/25/2020,A,F,68.3
947,12/21/2020,A,F,55.6
958,1/22/2021,A,U,45.8
770,1/22/2021,A,U,59.5
533,1/21/2021,A,F,62.6
959,2/28/2021,A,U,44.5
956,4/9/2021,A,U,56.2
